-- MySQL dump 10.13  Distrib 5.7.12, for Win64 (x86_64)
--
-- Host: localhost    Database: mkr
-- ------------------------------------------------------
-- Server version	5.7.15-log

/*!40101 SET @OLD_CHARACTER_SET_CLIENT=@@CHARACTER_SET_CLIENT */;
/*!40101 SET @OLD_CHARACTER_SET_RESULTS=@@CHARACTER_SET_RESULTS */;
/*!40101 SET @OLD_COLLATION_CONNECTION=@@COLLATION_CONNECTION */;
/*!40101 SET NAMES utf8 */;
/*!40103 SET @OLD_TIME_ZONE=@@TIME_ZONE */;
/*!40103 SET TIME_ZONE='+00:00' */;
/*!40014 SET @OLD_UNIQUE_CHECKS=@@UNIQUE_CHECKS, UNIQUE_CHECKS=0 */;
/*!40014 SET @OLD_FOREIGN_KEY_CHECKS=@@FOREIGN_KEY_CHECKS, FOREIGN_KEY_CHECKS=0 */;
/*!40101 SET @OLD_SQL_MODE=@@SQL_MODE, SQL_MODE='NO_AUTO_VALUE_ON_ZERO' */;
/*!40111 SET @OLD_SQL_NOTES=@@SQL_NOTES, SQL_NOTES=0 */;

--
-- Table structure for table `cars`
--

DROP TABLE IF EXISTS `cars`;
/*!40101 SET @saved_cs_client     = @@character_set_client */;
/*!40101 SET character_set_client = utf8 */;
CREATE TABLE `cars` (
  `id` int(11) NOT NULL AUTO_INCREMENT,
  `manufacturerName` varchar(50) NOT NULL,
  `color` varchar(50) NOT NULL,
  `modelName` varchar(50) NOT NULL,
  `registrationNumber` varchar(50) NOT NULL,
  `manufacturingYear` int(11) NOT NULL,
  `price` int(10) NOT NULL,
  PRIMARY KEY (`id`)
) ENGINE=InnoDB AUTO_INCREMENT=7 DEFAULT CHARSET=utf8;
/*!40101 SET character_set_client = @saved_cs_client */;

--
-- Dumping data for table `cars`
--

LOCK TABLES `cars` WRITE;
/*!40000 ALTER TABLE `cars` DISABLE KEYS */;
INSERT INTO `cars` VALUES (1,'Toyota','white','Camry','AA 1235 BB',2014,1000),(2,'Toyota','black','Land Cruiser','AB 1567 CD',2005,1500),(4,'Jeep','white','Grand Cherokee','AB 6545 CD',2007,2000),(5,'Audi','red','A8','CC 1111 DD',2007,20),(6,'Brand','red','Molder','AA 1234 BB',2005,100);
/*!40000 ALTER TABLE `cars` ENABLE KEYS */;
UNLOCK TABLES;

--
-- Table structure for table `news`
--

DROP TABLE IF EXISTS `news`;
/*!40101 SET @saved_cs_client     = @@character_set_client */;
/*!40101 SET character_set_client = utf8 */;
CREATE TABLE `news` (
  `id` int(11) NOT NULL AUTO_INCREMENT,
  `title` varchar(100) NOT NULL,
  `content` longtext,
  PRIMARY KEY (`id`)
) ENGINE=InnoDB AUTO_INCREMENT=16 DEFAULT CHARSET=utf8;
/*!40101 SET character_set_client = @saved_cs_client */;

--
-- Dumping data for table `news`
--

LOCK TABLES `news` WRITE;
/*!40000 ALTER TABLE `news` DISABLE KEYS */;
INSERT INTO `news` VALUES (1,'Some info','Detailed information'),(2,'Post #2','Absolutely useless information'),(3,'Some theme','Some text'),(4,'Post #4','Super important info'),(15,'Some test title','hfjlghkjghlkjhkljhlkh');
/*!40000 ALTER TABLE `news` ENABLE KEYS */;
UNLOCK TABLES;

--
-- Table structure for table `orders`
--

DROP TABLE IF EXISTS `orders`;
/*!40101 SET @saved_cs_client     = @@character_set_client */;
/*!40101 SET character_set_client = utf8 */;
CREATE TABLE `orders` (
  `id` int(11) NOT NULL AUTO_INCREMENT,
  `user` int(11) NOT NULL,
  `car` int(11) NOT NULL,
  `startDate` date NOT NULL,
  `endDate` date NOT NULL,
  PRIMARY KEY (`id`),
  KEY `user_idx` (`user`),
  KEY `car_idx` (`car`),
  CONSTRAINT `car` FOREIGN KEY (`car`) REFERENCES `cars` (`id`) ON DELETE NO ACTION ON UPDATE NO ACTION,
  CONSTRAINT `client` FOREIGN KEY (`user`) REFERENCES `users` (`id`) ON DELETE NO ACTION ON UPDATE NO ACTION
) ENGINE=InnoDB AUTO_INCREMENT=13 DEFAULT CHARSET=utf8;
/*!40101 SET character_set_client = @saved_cs_client */;

--
-- Dumping data for table `orders`
--

LOCK TABLES `orders` WRITE;
/*!40000 ALTER TABLE `orders` DISABLE KEYS */;
INSERT INTO `orders` VALUES (1,2,1,'2011-11-11','2012-12-12'),(4,2,1,'2013-01-01','2016-01-01'),(5,2,1,'2016-02-02','2016-12-12'),(7,2,4,'2016-11-15','2016-11-17'),(8,2,2,'2016-11-16','2016-11-17'),(9,3,4,'2016-11-17','2016-11-19'),(10,3,2,'2016-11-17','2017-02-17'),(11,5,5,'2016-11-17','2016-11-19'),(12,6,6,'2016-11-17','2016-11-19');
/*!40000 ALTER TABLE `orders` ENABLE KEYS */;
UNLOCK TABLES;

--
-- Table structure for table `roles`
--

DROP TABLE IF EXISTS `roles`;
/*!40101 SET @saved_cs_client     = @@character_set_client */;
/*!40101 SET character_set_client = utf8 */;
CREATE TABLE `roles` (
  `roleName` varchar(50) NOT NULL,
  PRIMARY KEY (`roleName`)
) ENGINE=InnoDB DEFAULT CHARSET=utf8;
/*!40101 SET character_set_client = @saved_cs_client */;

--
-- Dumping data for table `roles`
--

LOCK TABLES `roles` WRITE;
/*!40000 ALTER TABLE `roles` DISABLE KEYS */;
INSERT INTO `roles` VALUES ('admin'),('user');
/*!40000 ALTER TABLE `roles` ENABLE KEYS */;
UNLOCK TABLES;

--
-- Table structure for table `user_roles`
--

DROP TABLE IF EXISTS `user_roles`;
/*!40101 SET @saved_cs_client     = @@character_set_client */;
/*!40101 SET character_set_client = utf8 */;
CREATE TABLE `user_roles` (
  `user` int(11) NOT NULL,
  `role` varchar(45) NOT NULL,
  KEY `user_idx` (`user`),
  KEY `role_idx` (`role`),
  CONSTRAINT `role` FOREIGN KEY (`role`) REFERENCES `roles` (`roleName`) ON DELETE NO ACTION ON UPDATE NO ACTION,
  CONSTRAINT `user` FOREIGN KEY (`user`) REFERENCES `users` (`id`) ON DELETE NO ACTION ON UPDATE NO ACTION
) ENGINE=InnoDB DEFAULT CHARSET=utf8;
/*!40101 SET character_set_client = @saved_cs_client */;

--
-- Dumping data for table `user_roles`
--

LOCK TABLES `user_roles` WRITE;
/*!40000 ALTER TABLE `user_roles` DISABLE KEYS */;
INSERT INTO `user_roles` VALUES (1,'admin'),(2,'user'),(3,'user'),(4,'user'),(5,'user'),(6,'user');
/*!40000 ALTER TABLE `user_roles` ENABLE KEYS */;
UNLOCK TABLES;

--
-- Table structure for table `users`
--

DROP TABLE IF EXISTS `users`;
/*!40101 SET @saved_cs_client     = @@character_set_client */;
/*!40101 SET character_set_client = utf8 */;
CREATE TABLE `users` (
  `id` int(11) NOT NULL AUTO_INCREMENT,
  `email` varchar(50) NOT NULL,
  `password` varchar(128) NOT NULL,
  `name` varchar(50) NOT NULL,
  PRIMARY KEY (`id`),
  UNIQUE KEY `email_UNIQUE` (`email`)
) ENGINE=InnoDB AUTO_INCREMENT=7 DEFAULT CHARSET=utf8;
/*!40101 SET character_set_client = @saved_cs_client */;

--
-- Dumping data for table `users`
--

LOCK TABLES `users` WRITE;
/*!40000 ALTER TABLE `users` DISABLE KEYS */;
INSERT INTO `users` VALUES (1,'admin@car.rent','c7ad44cbad762a5da0a452f9e854fdc1e0e7a52a38015f23f3eab1d80b931dd472634dfac71cd34ebc35d16ab7fb8a90c81f975113d6c7538dc69dd8de9077ec','Administrator'),(2,'user@mail.com','b14361404c078ffd549c03db443c3fede2f3e534d73f78f77301ed97d4a436a9fd9db05ee8b325c0ad36438b43fec8510c204fc1c1edb21d0941c00e9e2c1ce2','Test user'),(3,'some@mail.com','b109f3bbbc244eb82441917ed06d618b9008dd09b3befd1b5e07394c706a8bb980b1d7785e5976ec049b46df5f1326af5a2ea6d103fd07c95385ffab0cacbc86','Test user #2'),(4,'a@test.test','1f40fc92da241694750979ee6cf582f2d5d7d28e18335de05abc54d0560e0f5302860c652bf08d560252aa5e74210546f369fbbbce8c12cfc7957b2652fe9a75','a'),(5,'aa@aa.aa','f6c5600ed1dbdcfdf829081f5417dccbbd2b9288e0b427e65c8cf67e274b69009cd142475e15304f599f429f260a661b5df4de26746459a3cef7f32006e5d1c1','aa'),(6,'mail@mail.com','b14361404c078ffd549c03db443c3fede2f3e534d73f78f77301ed97d4a436a9fd9db05ee8b325c0ad36438b43fec8510c204fc1c1edb21d0941c00e9e2c1ce2','user name');
/*!40000 ALTER TABLE `users` ENABLE KEYS */;
UNLOCK TABLES;
/*!40103 SET TIME_ZONE=@OLD_TIME_ZONE */;

/*!40101 SET SQL_MODE=@OLD_SQL_MODE */;
/*!40014 SET FOREIGN_KEY_CHECKS=@OLD_FOREIGN_KEY_CHECKS */;
/*!40014 SET UNIQUE_CHECKS=@OLD_UNIQUE_CHECKS */;
/*!40101 SET CHARACTER_SET_CLIENT=@OLD_CHARACTER_SET_CLIENT */;
/*!40101 SET CHARACTER_SET_RESULTS=@OLD_CHARACTER_SET_RESULTS */;
/*!40101 SET COLLATION_CONNECTION=@OLD_COLLATION_CONNECTION */;
/*!40111 SET SQL_NOTES=@OLD_SQL_NOTES */;

-- Dump completed on 2016-11-16 17:56:03
